timestamp,deal_id,region,deal_amount,loss_probability,alert_type
2026-02-14 18:01:20.644665,D00022,Europe,75444,0.51,HIGH_RISK_HIGH_VALUE
2026-02-14 18:01:20.647635,D00032,Europe,66357,0.51,HIGH_RISK_HIGH_VALUE
2026-02-14 18:01:20.648099,D00036,North America,65309,0.51,HIGH_RISK_HIGH_VALUE
2026-02-14 18:01:20.648299,D00038,APAC,59363,0.53,HIGH_RISK_HIGH_VALUE
2026-02-14 18:01:20.648924,D00045,India,52406,0.5,HIGH_RISK_HIGH_VALUE
2026-02-14 18:01:20.652309,D00058,Europe,77091,0.52,HIGH_RISK_HIGH_VALUE
2026-02-14 18:01:20.652590,D00060,North America,56211,0.55,HIGH_RISK_HIGH_VALUE
2026-02-14 18:01:20.655859,D00072,North America,60319,0.51,HIGH_RISK_HIGH_VALUE
2026-02-14 18:01:20.656048,D00074,North America,95392,0.53,HIGH_RISK_HIGH_VALUE
2026-02-14 18:01:20.661089,D00098,North America,59608,0.53,HIGH_RISK_HIGH_VALUE
2026-02-14 18:01:20.668546,D00129,Europe,52472,0.53,HIGH_RISK_HIGH_VALUE
2026-02-14 18:01:20.670230,D00147,APAC,60642,0.51,HIGH_RISK_HIGH_VALUE
2026-02-14 18:01:20.673494,D00159,North America,73665,0.54,HIGH_RISK_HIGH_VALUE
2026-02-14 18:01:20.673703,D00161,Europe,65353,0.53,HIGH_RISK_HIGH_VALUE
2026-02-14 18:01:20.673808,D00162,Europe,85873,0.51,HIGH_RISK_HIGH_VALUE
2026-02-14 18:01:20.674165,D00166,Europe,68567,0.5,HIGH_RISK_HIGH_VALUE
2026-02-14 18:01:20.676804,D00171,North America,79028,0.5,HIGH_RISK_HIGH_VALUE
2026-02-14 18:01:20.677132,D00174,APAC,64089,0.5,HIGH_RISK_HIGH_VALUE
2026-02-14 18:01:20.677243,D00175,APAC,60327,0.55,HIGH_RISK_HIGH_VALUE
2026-02-14 18:01:20.677538,D00178,India,82701,0.51,HIGH_RISK_HIGH_VALUE
2026-02-14 18:01:20.677645,D00179,APAC,54650,0.54,HIGH_RISK_HIGH_VALUE
2026-02-14 18:01:20.678215,D00186,APAC,59110,0.51,HIGH_RISK_HIGH_VALUE
2026-02-14 18:01:20.680806,D00191,APAC,60760,0.56,HIGH_RISK_HIGH_VALUE
2026-02-14 18:01:20.681255,D00196,North America,65158,0.52,HIGH_RISK_HIGH_VALUE
2026-02-14 18:01:20.681480,D00198,North America,71518,0.52,HIGH_RISK_HIGH_VALUE
2026-02-14 18:01:20.681679,D00200,North America,74950,0.55,HIGH_RISK_HIGH_VALUE
2026-02-14 18:01:20.681853,D00202,Europe,61799,0.51,HIGH_RISK_HIGH_VALUE
2026-02-14 18:01:20.682366,D00208,India,51797,0.52,HIGH_RISK_HIGH_VALUE
2026-02-14 18:01:20.685743,D00222,North America,99320,0.5,HIGH_RISK_HIGH_VALUE
2026-02-14 18:01:20.688625,D00231,APAC,58200,0.54,HIGH_RISK_HIGH_VALUE
2026-02-14 18:01:20.689666,D00243,North America,61078,0.51,HIGH_RISK_HIGH_VALUE
2026-02-14 18:01:20.689779,D00244,APAC,58986,0.52,HIGH_RISK_HIGH_VALUE
2026-02-14 18:01:20.690217,D00249,North America,84921,0.51,HIGH_RISK_HIGH_VALUE
2026-02-14 18:01:20.692851,D00255,India,87582,0.51,HIGH_RISK_HIGH_VALUE
2026-02-14 18:01:20.694304,D00273,APAC,95582,0.53,HIGH_RISK_HIGH_VALUE
2026-02-14 18:01:20.704694,D00307,North America,54768,0.51,HIGH_RISK_HIGH_VALUE
2026-02-14 18:01:20.707930,D00319,APAC,59384,0.5,HIGH_RISK_HIGH_VALUE
2026-02-14 18:01:20.708098,D00320,APAC,73368,0.51,HIGH_RISK_HIGH_VALUE
2026-02-14 18:01:20.708214,D00321,Europe,88719,0.55,HIGH_RISK_HIGH_VALUE
2026-02-14 18:01:20.711896,D00341,North America,53526,0.5,HIGH_RISK_HIGH_VALUE
2026-02-14 18:01:20.712135,D00343,APAC,75164,0.55,HIGH_RISK_HIGH_VALUE
2026-02-14 18:01:20.713231,D00356,India,85191,0.53,HIGH_RISK_HIGH_VALUE
2026-02-14 18:01:20.713347,D00357,APAC,59924,0.51,HIGH_RISK_HIGH_VALUE
2026-02-14 18:01:20.718584,D00385,APAC,90405,0.54,HIGH_RISK_HIGH_VALUE
2026-02-14 18:01:20.720622,D00408,Europe,57128,0.51,HIGH_RISK_HIGH_VALUE
2026-02-14 18:01:20.720914,D00411,Europe,60193,0.5,HIGH_RISK_HIGH_VALUE
2026-02-14 18:01:20.722880,D00420,APAC,80387,0.52,HIGH_RISK_HIGH_VALUE
2026-02-14 18:01:20.723568,D00427,APAC,69732,0.58,HIGH_RISK_HIGH_VALUE
2026-02-14 18:01:20.724157,D00434,Europe,69947,0.53,HIGH_RISK_HIGH_VALUE
2026-02-14 18:01:20.724445,D00437,India,52983,0.55,HIGH_RISK_HIGH_VALUE
2026-02-14 18:01:20.724548,D00438,Europe,72037,0.54,HIGH_RISK_HIGH_VALUE
2026-02-14 18:01:20.725819,D00456,Europe,58628,0.52,HIGH_RISK_HIGH_VALUE
2026-02-14 18:01:20.726094,D00459,APAC,85214,0.52,HIGH_RISK_HIGH_VALUE
2026-02-14 18:01:20.726290,D00461,APAC,84213,0.52,HIGH_RISK_HIGH_VALUE
2026-02-14 18:01:20.726517,D00463,APAC,54840,0.54,HIGH_RISK_HIGH_VALUE
2026-02-14 18:01:20.728267,D00485,Europe,65453,0.53,HIGH_RISK_HIGH_VALUE
2026-02-14 18:01:20.728608,D00489,Europe,93051,0.54,HIGH_RISK_HIGH_VALUE
2026-02-14 18:01:20.729107,D00495,India,90275,0.51,HIGH_RISK_HIGH_VALUE
2026-02-14 18:01:20.730199,D00507,Europe,76010,0.56,HIGH_RISK_HIGH_VALUE
2026-02-14 18:01:20.730930,D00516,North America,61222,0.54,HIGH_RISK_HIGH_VALUE
2026-02-14 18:01:20.731347,D00521,North America,56261,0.5,HIGH_RISK_HIGH_VALUE
2026-02-14 18:01:20.735833,D00577,Europe,78303,0.51,HIGH_RISK_HIGH_VALUE
2026-02-14 18:01:20.737050,D00591,APAC,83730,0.51,HIGH_RISK_HIGH_VALUE
2026-02-14 18:01:20.738617,D00610,North America,82395,0.54,HIGH_RISK_HIGH_VALUE
2026-02-14 18:01:20.738929,D00613,APAC,55580,0.52,HIGH_RISK_HIGH_VALUE
2026-02-14 18:01:20.739481,D00618,North America,59537,0.52,HIGH_RISK_HIGH_VALUE
2026-02-14 18:01:20.740140,D00625,India,88506,0.54,HIGH_RISK_HIGH_VALUE
2026-02-14 18:01:20.740329,D00627,India,55779,0.51,HIGH_RISK_HIGH_VALUE
2026-02-14 18:01:20.740757,D00633,APAC,69518,0.52,HIGH_RISK_HIGH_VALUE
2026-02-14 18:01:20.745627,D00659,Europe,72564,0.52,HIGH_RISK_HIGH_VALUE
2026-02-14 18:01:20.746281,D00667,APAC,54571,0.51,HIGH_RISK_HIGH_VALUE
2026-02-14 18:01:20.746813,D00673,India,55300,0.52,HIGH_RISK_HIGH_VALUE
2026-02-14 18:01:20.748262,D00691,India,98918,0.5,HIGH_RISK_HIGH_VALUE
2026-02-14 18:01:20.752822,D00747,Europe,60788,0.53,HIGH_RISK_HIGH_VALUE
2026-02-14 18:01:20.752951,D00748,North America,96865,0.51,HIGH_RISK_HIGH_VALUE
2026-02-14 18:01:20.753585,D00755,Europe,76848,0.55,HIGH_RISK_HIGH_VALUE
2026-02-14 18:01:20.753695,D00756,Europe,76300,0.51,HIGH_RISK_HIGH_VALUE
2026-02-14 18:01:20.754107,D00761,North America,78262,0.52,HIGH_RISK_HIGH_VALUE
2026-02-14 18:01:20.755583,D00780,North America,65043,0.51,HIGH_RISK_HIGH_VALUE
2026-02-14 18:01:20.755902,D00784,India,88534,0.54,HIGH_RISK_HIGH_VALUE
2026-02-14 18:01:20.757493,D00804,APAC,67371,0.55,HIGH_RISK_HIGH_VALUE
2026-02-14 18:01:20.757687,D00806,India,53144,0.52,HIGH_RISK_HIGH_VALUE
2026-02-14 18:01:20.760072,D00836,India,73127,0.54,HIGH_RISK_HIGH_VALUE
2026-02-14 18:01:20.760866,D00846,North America,89006,0.51,HIGH_RISK_HIGH_VALUE
2026-02-14 18:01:20.761608,D00855,India,52737,0.57,HIGH_RISK_HIGH_VALUE
2026-02-14 18:01:20.762082,D00860,APAC,67085,0.51,HIGH_RISK_HIGH_VALUE
2026-02-14 18:01:20.762546,D00865,Europe,82114,0.55,HIGH_RISK_HIGH_VALUE
2026-02-14 18:01:20.763044,D00871,India,51228,0.51,HIGH_RISK_HIGH_VALUE
2026-02-14 18:01:20.763539,D00877,Europe,86036,0.52,HIGH_RISK_HIGH_VALUE
2026-02-14 18:01:20.764773,D00892,APAC,59526,0.51,HIGH_RISK_HIGH_VALUE
2026-02-14 18:01:20.765767,D00904,India,93307,0.51,HIGH_RISK_HIGH_VALUE
2026-02-14 18:01:20.766653,D00915,Europe,54449,0.53,HIGH_RISK_HIGH_VALUE
2026-02-14 18:01:20.767957,D00931,Europe,74124,0.52,HIGH_RISK_HIGH_VALUE
2026-02-14 18:01:20.769228,D00946,India,61779,0.56,HIGH_RISK_HIGH_VALUE
2026-02-14 18:01:20.769833,D00953,North America,89922,0.51,HIGH_RISK_HIGH_VALUE
2026-02-14 18:01:20.770681,D00963,North America,95660,0.53,HIGH_RISK_HIGH_VALUE
2026-02-14 18:01:20.770872,D00965,APAC,76472,0.51,HIGH_RISK_HIGH_VALUE
2026-02-14 18:01:20.771544,D00973,India,84312,0.51,HIGH_RISK_HIGH_VALUE
2026-02-14 18:01:20.772337,D00982,India,59586,0.52,HIGH_RISK_HIGH_VALUE
2026-02-14 18:01:20.773861,D01000,North America,69063,0.54,HIGH_RISK_HIGH_VALUE
2026-02-14 18:01:20.774687,D01010,India,85089,0.5,HIGH_RISK_HIGH_VALUE
2026-02-14 18:01:20.775190,D01016,APAC,84871,0.52,HIGH_RISK_HIGH_VALUE
2026-02-14 18:01:20.775306,D01017,India,90964,0.52,HIGH_RISK_HIGH_VALUE
2026-02-14 18:01:20.775986,D01025,APAC,52835,0.51,HIGH_RISK_HIGH_VALUE
2026-02-14 18:01:20.776196,D01027,Europe,99996,0.51,HIGH_RISK_HIGH_VALUE
2026-02-14 18:01:20.776826,D01034,India,69950,0.54,HIGH_RISK_HIGH_VALUE
2026-02-14 18:01:20.778640,D01056,APAC,71407,0.51,HIGH_RISK_HIGH_VALUE
2026-02-14 18:01:20.779153,D01062,Europe,66229,0.53,HIGH_RISK_HIGH_VALUE
2026-02-14 18:01:20.779444,D01065,Europe,55711,0.57,HIGH_RISK_HIGH_VALUE
2026-02-14 18:01:20.779648,D01067,India,75725,0.54,HIGH_RISK_HIGH_VALUE
2026-02-14 18:01:20.780376,D01076,Europe,55534,0.54,HIGH_RISK_HIGH_VALUE
2026-02-14 18:01:20.780513,D01077,India,68660,0.5,HIGH_RISK_HIGH_VALUE
2026-02-14 18:01:20.780853,D01081,Europe,68139,0.5,HIGH_RISK_HIGH_VALUE
2026-02-14 18:01:20.782263,D01097,APAC,60341,0.51,HIGH_RISK_HIGH_VALUE
2026-02-14 18:01:20.782883,D01104,APAC,77012,0.53,HIGH_RISK_HIGH_VALUE
2026-02-14 18:01:20.783098,D01106,Europe,98230,0.51,HIGH_RISK_HIGH_VALUE
2026-02-14 18:01:20.784593,D01123,India,87191,0.54,HIGH_RISK_HIGH_VALUE
2026-02-14 18:01:20.785195,D01130,APAC,83771,0.53,HIGH_RISK_HIGH_VALUE
2026-02-14 18:01:20.786092,D01140,Europe,80477,0.54,HIGH_RISK_HIGH_VALUE
2026-02-14 18:01:20.786831,D01149,APAC,82517,0.52,HIGH_RISK_HIGH_VALUE
2026-02-14 18:01:20.787040,D01151,APAC,56479,0.56,HIGH_RISK_HIGH_VALUE
2026-02-14 18:01:20.787652,D01157,North America,59316,0.53,HIGH_RISK_HIGH_VALUE
2026-02-14 18:01:20.788019,D01161,North America,64883,0.51,HIGH_RISK_HIGH_VALUE
2026-02-14 18:01:20.789337,D01178,Europe,96595,0.51,HIGH_RISK_HIGH_VALUE
2026-02-14 18:01:20.790792,D01195,North America,70466,0.55,HIGH_RISK_HIGH_VALUE
2026-02-14 18:01:20.791069,D01198,APAC,79810,0.57,HIGH_RISK_HIGH_VALUE
2026-02-14 18:01:20.793398,D01226,APAC,65657,0.5,HIGH_RISK_HIGH_VALUE
2026-02-14 18:01:20.794924,D01245,APAC,76859,0.51,HIGH_RISK_HIGH_VALUE
2026-02-14 18:01:20.795137,D01247,Europe,51508,0.5,HIGH_RISK_HIGH_VALUE
2026-02-14 18:01:20.798473,D01287,APAC,74038,0.51,HIGH_RISK_HIGH_VALUE
2026-02-14 18:01:20.798748,D01290,APAC,66938,0.52,HIGH_RISK_HIGH_VALUE
2026-02-14 18:01:20.799285,D01296,India,50821,0.51,HIGH_RISK_HIGH_VALUE
2026-02-14 18:01:20.799395,D01297,APAC,76229,0.58,HIGH_RISK_HIGH_VALUE
2026-02-14 18:01:20.800309,D01308,APAC,76919,0.51,HIGH_RISK_HIGH_VALUE
2026-02-14 18:01:20.800989,D01316,APAC,69060,0.51,HIGH_RISK_HIGH_VALUE
2026-02-14 18:01:20.802185,D01330,India,84816,0.51,HIGH_RISK_HIGH_VALUE
2026-02-14 18:01:20.802300,D01331,Europe,79083,0.51,HIGH_RISK_HIGH_VALUE
2026-02-14 18:01:20.805561,D01343,North America,56010,0.5,HIGH_RISK_HIGH_VALUE
2026-02-14 18:01:20.806312,D01352,Europe,54850,0.51,HIGH_RISK_HIGH_VALUE
2026-02-14 18:01:20.808937,D01357,North America,76720,0.52,HIGH_RISK_HIGH_VALUE
2026-02-14 18:01:20.809157,D01359,Europe,93424,0.51,HIGH_RISK_HIGH_VALUE
2026-02-14 18:01:20.809263,D01360,APAC,87763,0.55,HIGH_RISK_HIGH_VALUE
2026-02-14 18:01:20.809567,D01363,APAC,58202,0.5,HIGH_RISK_HIGH_VALUE
2026-02-14 18:01:20.810103,D01369,North America,54961,0.53,HIGH_RISK_HIGH_VALUE
2026-02-14 18:01:20.810218,D01370,APAC,91003,0.52,HIGH_RISK_HIGH_VALUE
2026-02-14 18:01:20.810316,D01371,APAC,80228,0.51,HIGH_RISK_HIGH_VALUE
2026-02-14 18:01:20.816812,D01394,North America,65472,0.51,HIGH_RISK_HIGH_VALUE
2026-02-14 18:01:20.817490,D01401,APAC,85388,0.5,HIGH_RISK_HIGH_VALUE
2026-02-14 18:01:20.820767,D01416,Europe,62848,0.51,HIGH_RISK_HIGH_VALUE
2026-02-14 18:01:20.820998,D01418,APAC,67281,0.52,HIGH_RISK_HIGH_VALUE
2026-02-14 18:01:20.821182,D01420,APAC,77008,0.54,HIGH_RISK_HIGH_VALUE
2026-02-14 18:01:20.821367,D01422,APAC,50077,0.51,HIGH_RISK_HIGH_VALUE
2026-02-14 18:01:20.821574,D01424,Europe,98675,0.55,HIGH_RISK_HIGH_VALUE
2026-02-14 18:01:20.823186,D01444,APAC,73021,0.51,HIGH_RISK_HIGH_VALUE
2026-02-14 18:01:20.824516,D01460,Europe,77839,0.5,HIGH_RISK_HIGH_VALUE
2026-02-14 18:01:20.825182,D01468,APAC,50049,0.52,HIGH_RISK_HIGH_VALUE
2026-02-14 18:01:20.826294,D01482,Europe,68439,0.54,HIGH_RISK_HIGH_VALUE
2026-02-14 18:01:20.826584,D01485,Europe,92848,0.53,HIGH_RISK_HIGH_VALUE
2026-02-14 18:01:20.826767,D01487,APAC,58686,0.53,HIGH_RISK_HIGH_VALUE
2026-02-14 18:01:20.829023,D01511,Europe,96132,0.53,HIGH_RISK_HIGH_VALUE
2026-02-14 18:01:20.834271,D01556,APAC,84177,0.53,HIGH_RISK_HIGH_VALUE
2026-02-14 18:01:20.835101,D01565,India,56649,0.52,HIGH_RISK_HIGH_VALUE
2026-02-14 18:01:20.835641,D01571,Europe,68010,0.5,HIGH_RISK_HIGH_VALUE
2026-02-14 18:01:20.837033,D01588,APAC,70836,0.55,HIGH_RISK_HIGH_VALUE
2026-02-14 18:01:20.837610,D01595,North America,79682,0.52,HIGH_RISK_HIGH_VALUE
2026-02-14 18:01:20.837719,D01596,North America,71745,0.52,HIGH_RISK_HIGH_VALUE
2026-02-14 18:01:20.838222,D01602,Europe,75862,0.57,HIGH_RISK_HIGH_VALUE
2026-02-14 18:01:20.840225,D01627,APAC,54013,0.56,HIGH_RISK_HIGH_VALUE
2026-02-14 18:01:20.840838,D01634,India,54711,0.52,HIGH_RISK_HIGH_VALUE
2026-02-14 18:01:20.841616,D01643,North America,53907,0.5,HIGH_RISK_HIGH_VALUE
2026-02-14 18:01:20.843142,D01662,APAC,50482,0.53,HIGH_RISK_HIGH_VALUE
2026-02-14 18:01:20.843250,D01663,Europe,57382,0.51,HIGH_RISK_HIGH_VALUE
2026-02-14 18:01:20.843805,D01670,Europe,67399,0.55,HIGH_RISK_HIGH_VALUE
2026-02-14 18:01:20.845832,D01695,Europe,77031,0.51,HIGH_RISK_HIGH_VALUE
2026-02-14 18:01:20.846517,D01702,APAC,53610,0.58,HIGH_RISK_HIGH_VALUE
2026-02-14 18:01:20.846626,D01703,Europe,94381,0.51,HIGH_RISK_HIGH_VALUE
2026-02-14 18:01:20.846735,D01704,Europe,74187,0.55,HIGH_RISK_HIGH_VALUE
2026-02-14 18:01:20.847746,D01716,North America,78057,0.5,HIGH_RISK_HIGH_VALUE
2026-02-14 18:01:20.848666,D01727,North America,75280,0.54,HIGH_RISK_HIGH_VALUE
2026-02-14 18:01:20.851587,D01763,India,91363,0.5,HIGH_RISK_HIGH_VALUE
2026-02-14 18:01:20.854633,D01800,North America,75918,0.51,HIGH_RISK_HIGH_VALUE
2026-02-14 18:01:20.854822,D01802,Europe,74201,0.52,HIGH_RISK_HIGH_VALUE
2026-02-14 18:01:20.855124,D01805,APAC,56148,0.54,HIGH_RISK_HIGH_VALUE
2026-02-14 18:01:20.856020,D01816,APAC,71936,0.55,HIGH_RISK_HIGH_VALUE
2026-02-14 18:01:20.857134,D01829,North America,52650,0.5,HIGH_RISK_HIGH_VALUE
2026-02-14 18:01:20.857411,D01832,APAC,53006,0.52,HIGH_RISK_HIGH_VALUE
2026-02-14 18:01:20.857548,D01833,India,70831,0.5,HIGH_RISK_HIGH_VALUE
2026-02-14 18:01:20.857952,D01838,APAC,75985,0.5,HIGH_RISK_HIGH_VALUE
2026-02-14 18:01:20.858469,D01844,North America,55731,0.51,HIGH_RISK_HIGH_VALUE
2026-02-14 18:01:20.859493,D01856,India,93997,0.51,HIGH_RISK_HIGH_VALUE
2026-02-14 18:01:20.859692,D01858,India,64069,0.53,HIGH_RISK_HIGH_VALUE
2026-02-14 18:01:20.860363,D01866,APAC,77036,0.55,HIGH_RISK_HIGH_VALUE
2026-02-14 18:01:20.861057,D01874,India,59992,0.5,HIGH_RISK_HIGH_VALUE
2026-02-14 18:01:20.862868,D01896,APAC,75686,0.5,HIGH_RISK_HIGH_VALUE
2026-02-14 18:01:20.863271,D01900,Europe,73686,0.52,HIGH_RISK_HIGH_VALUE
2026-02-14 18:01:20.863375,D01901,APAC,58999,0.51,HIGH_RISK_HIGH_VALUE
2026-02-14 18:01:20.863589,D01903,Europe,90623,0.53,HIGH_RISK_HIGH_VALUE
2026-02-14 18:01:20.864669,D01915,North America,68066,0.53,HIGH_RISK_HIGH_VALUE
2026-02-14 18:01:20.865236,D01922,Europe,53969,0.5,HIGH_RISK_HIGH_VALUE
2026-02-14 18:01:20.865707,D01927,Europe,67073,0.52,HIGH_RISK_HIGH_VALUE
2026-02-14 18:01:20.865818,D01928,North America,50480,0.53,HIGH_RISK_HIGH_VALUE
2026-02-14 18:01:20.869345,D01973,Europe,70047,0.55,HIGH_RISK_HIGH_VALUE
2026-02-14 18:01:20.869778,D01977,Europe,74828,0.51,HIGH_RISK_HIGH_VALUE
2026-02-14 18:01:20.870125,D01981,APAC,53132,0.52,HIGH_RISK_HIGH_VALUE
2026-02-14 18:01:20.870390,D01984,APAC,75020,0.57,HIGH_RISK_HIGH_VALUE
2026-02-14 18:01:20.870828,D01989,India,85061,0.53,HIGH_RISK_HIGH_VALUE
2026-02-14 18:01:20.871328,D01995,APAC,74948,0.56,HIGH_RISK_HIGH_VALUE
2026-02-14 18:01:20.871457,D01996,APAC,81016,0.57,HIGH_RISK_HIGH_VALUE
2026-02-14 18:01:20.872337,D02007,India,69332,0.54,HIGH_RISK_HIGH_VALUE
2026-02-14 18:01:20.874805,D02038,APAC,73060,0.51,HIGH_RISK_HIGH_VALUE
2026-02-14 18:01:20.875076,D02041,North America,61032,0.51,HIGH_RISK_HIGH_VALUE
2026-02-14 18:01:20.875644,D02048,North America,96269,0.53,HIGH_RISK_HIGH_VALUE
2026-02-14 18:01:20.875823,D02050,Europe,62118,0.5,HIGH_RISK_HIGH_VALUE
2026-02-14 18:01:20.876852,D02062,APAC,83681,0.54,HIGH_RISK_HIGH_VALUE
2026-02-14 18:01:20.880380,D02106,North America,52758,0.52,HIGH_RISK_HIGH_VALUE
2026-02-14 18:01:20.882036,D02127,India,98331,0.53,HIGH_RISK_HIGH_VALUE
2026-02-14 18:01:20.882491,D02132,APAC,65392,0.55,HIGH_RISK_HIGH_VALUE
2026-02-14 18:01:20.882907,D02137,APAC,90015,0.56,HIGH_RISK_HIGH_VALUE
2026-02-14 18:01:20.883325,D02142,India,64368,0.55,HIGH_RISK_HIGH_VALUE
2026-02-14 18:01:20.884289,D02154,APAC,57464,0.52,HIGH_RISK_HIGH_VALUE
2026-02-14 18:01:20.885049,D02163,India,95060,0.55,HIGH_RISK_HIGH_VALUE
2026-02-14 18:01:20.885653,D02170,Europe,64321,0.5,HIGH_RISK_HIGH_VALUE
2026-02-14 18:01:20.885913,D02173,North America,55222,0.52,HIGH_RISK_HIGH_VALUE
2026-02-14 18:01:20.886185,D02176,APAC,86352,0.53,HIGH_RISK_HIGH_VALUE
2026-02-14 18:01:20.886621,D02181,India,73952,0.56,HIGH_RISK_HIGH_VALUE
2026-02-14 18:01:20.888797,D02208,Europe,55036,0.51,HIGH_RISK_HIGH_VALUE
2026-02-14 18:01:20.889010,D02210,APAC,67263,0.5,HIGH_RISK_HIGH_VALUE
2026-02-14 18:01:20.889272,D02213,North America,64549,0.51,HIGH_RISK_HIGH_VALUE
2026-02-14 18:01:20.889993,D02221,North America,70720,0.54,HIGH_RISK_HIGH_VALUE
2026-02-14 18:01:20.891140,D02235,Europe,68272,0.51,HIGH_RISK_HIGH_VALUE
2026-02-14 18:01:20.891510,D02239,North America,87321,0.55,HIGH_RISK_HIGH_VALUE
2026-02-14 18:01:20.891768,D02242,India,65597,0.54,HIGH_RISK_HIGH_VALUE
2026-02-14 18:01:20.892140,D02246,APAC,79289,0.55,HIGH_RISK_HIGH_VALUE
2026-02-14 18:01:20.892444,D02249,Europe,69989,0.51,HIGH_RISK_HIGH_VALUE
2026-02-14 18:01:20.892556,D02250,APAC,59142,0.57,HIGH_RISK_HIGH_VALUE
2026-02-14 18:01:20.892812,D02253,Europe,68993,0.52,HIGH_RISK_HIGH_VALUE
2026-02-14 18:01:20.895468,D02286,Europe,65862,0.56,HIGH_RISK_HIGH_VALUE
2026-02-14 18:01:20.895670,D02288,APAC,55865,0.54,HIGH_RISK_HIGH_VALUE
2026-02-14 18:01:20.896029,D02292,APAC,85790,0.51,HIGH_RISK_HIGH_VALUE
2026-02-14 18:01:20.896140,D02293,North America,82659,0.53,HIGH_RISK_HIGH_VALUE
2026-02-14 18:01:20.896326,D02295,North America,80808,0.54,HIGH_RISK_HIGH_VALUE
2026-02-14 18:01:20.896999,D02302,Europe,71174,0.51,HIGH_RISK_HIGH_VALUE
2026-02-14 18:01:20.897201,D02304,India,78753,0.54,HIGH_RISK_HIGH_VALUE
2026-02-14 18:01:20.897813,D02311,North America,79293,0.54,HIGH_RISK_HIGH_VALUE
2026-02-14 18:01:20.898021,D02313,Europe,84143,0.54,HIGH_RISK_HIGH_VALUE
2026-02-14 18:01:20.899285,D02328,Europe,64294,0.51,HIGH_RISK_HIGH_VALUE
2026-02-14 18:01:20.899959,D02336,APAC,56801,0.53,HIGH_RISK_HIGH_VALUE
2026-02-14 18:01:20.900660,D02344,Europe,57287,0.5,HIGH_RISK_HIGH_VALUE
2026-02-14 18:01:20.900884,D02346,APAC,51888,0.59,HIGH_RISK_HIGH_VALUE
2026-02-14 18:01:20.901385,D02352,North America,56527,0.53,HIGH_RISK_HIGH_VALUE
2026-02-14 18:01:20.904614,D02392,Europe,81865,0.53,HIGH_RISK_HIGH_VALUE
2026-02-14 18:01:20.907207,D02423,Europe,91954,0.51,HIGH_RISK_HIGH_VALUE
2026-02-14 18:01:20.907898,D02430,North America,65266,0.54,HIGH_RISK_HIGH_VALUE
2026-02-14 18:01:20.910376,D02465,India,75091,0.51,HIGH_RISK_HIGH_VALUE
2026-02-14 18:01:20.911307,D02479,Europe,78824,0.5,HIGH_RISK_HIGH_VALUE
2026-02-14 18:01:20.915644,D02507,Europe,90621,0.51,HIGH_RISK_HIGH_VALUE
2026-02-14 18:01:20.915760,D02508,APAC,53344,0.56,HIGH_RISK_HIGH_VALUE
2026-02-14 18:01:20.917529,D02530,India,92649,0.5,HIGH_RISK_HIGH_VALUE
2026-02-14 18:01:20.918473,D02541,North America,70252,0.51,HIGH_RISK_HIGH_VALUE
2026-02-14 18:01:20.919285,D02551,APAC,65053,0.51,HIGH_RISK_HIGH_VALUE
2026-02-14 18:01:20.919682,D02555,APAC,97021,0.51,HIGH_RISK_HIGH_VALUE
2026-02-14 18:01:20.920038,D02559,North America,51113,0.51,HIGH_RISK_HIGH_VALUE
2026-02-14 18:01:20.920740,D02568,India,87072,0.53,HIGH_RISK_HIGH_VALUE
2026-02-14 18:01:20.921310,D02575,Europe,53600,0.51,HIGH_RISK_HIGH_VALUE
2026-02-14 18:01:20.922108,D02584,India,58159,0.52,HIGH_RISK_HIGH_VALUE
2026-02-14 18:01:20.922466,D02588,Europe,82311,0.51,HIGH_RISK_HIGH_VALUE
2026-02-14 18:01:20.923551,D02601,APAC,61843,0.55,HIGH_RISK_HIGH_VALUE
2026-02-14 18:01:20.924293,D02610,India,54405,0.55,HIGH_RISK_HIGH_VALUE
2026-02-14 18:01:20.925446,D02624,Europe,76251,0.55,HIGH_RISK_HIGH_VALUE
2026-02-14 18:01:20.925924,D02630,Europe,54214,0.53,HIGH_RISK_HIGH_VALUE
2026-02-14 18:01:20.926744,D02640,APAC,52632,0.51,HIGH_RISK_HIGH_VALUE
2026-02-14 18:01:20.926859,D02641,India,94892,0.55,HIGH_RISK_HIGH_VALUE
2026-02-14 18:01:20.927203,D02645,North America,96402,0.51,HIGH_RISK_HIGH_VALUE
2026-02-14 18:01:20.927494,D02648,India,92781,0.51,HIGH_RISK_HIGH_VALUE
2026-02-14 18:01:20.927752,D02651,APAC,54628,0.53,HIGH_RISK_HIGH_VALUE
2026-02-14 18:01:20.929567,D02673,North America,92968,0.51,HIGH_RISK_HIGH_VALUE
2026-02-14 18:01:20.929702,D02674,Europe,64364,0.52,HIGH_RISK_HIGH_VALUE
2026-02-14 18:01:20.931266,D02694,Europe,55183,0.56,HIGH_RISK_HIGH_VALUE
2026-02-14 18:01:20.932669,D02711,APAC,65782,0.5,HIGH_RISK_HIGH_VALUE
2026-02-14 18:01:20.935081,D02741,India,54016,0.5,HIGH_RISK_HIGH_VALUE
2026-02-14 18:01:20.936473,D02758,Europe,61051,0.51,HIGH_RISK_HIGH_VALUE
2026-02-14 18:01:20.936775,D02761,APAC,94009,0.5,HIGH_RISK_HIGH_VALUE
2026-02-14 18:01:20.938049,D02777,Europe,61551,0.51,HIGH_RISK_HIGH_VALUE
2026-02-14 18:01:20.938312,D02780,India,99886,0.52,HIGH_RISK_HIGH_VALUE
2026-02-14 18:01:20.938818,D02786,Europe,65576,0.54,HIGH_RISK_HIGH_VALUE
2026-02-14 18:01:20.939004,D02788,Europe,71808,0.57,HIGH_RISK_HIGH_VALUE
2026-02-14 18:01:20.940667,D02809,APAC,78334,0.51,HIGH_RISK_HIGH_VALUE
2026-02-14 18:01:20.940933,D02812,APAC,89667,0.52,HIGH_RISK_HIGH_VALUE
2026-02-14 18:01:20.942223,D02827,India,94408,0.55,HIGH_RISK_HIGH_VALUE
2026-02-14 18:01:20.944073,D02850,India,87967,0.53,HIGH_RISK_HIGH_VALUE
2026-02-14 18:01:20.944903,D02860,APAC,95602,0.54,HIGH_RISK_HIGH_VALUE
2026-02-14 18:01:20.945879,D02872,APAC,71247,0.51,HIGH_RISK_HIGH_VALUE
2026-02-14 18:01:20.946255,D02876,Europe,99913,0.5,HIGH_RISK_HIGH_VALUE
2026-02-14 18:01:20.946645,D02880,APAC,53473,0.51,HIGH_RISK_HIGH_VALUE
2026-02-14 18:01:20.946761,D02881,Europe,83147,0.51,HIGH_RISK_HIGH_VALUE
2026-02-14 18:01:20.947216,D02886,APAC,87624,0.57,HIGH_RISK_HIGH_VALUE
2026-02-14 18:01:20.947831,D02893,North America,62743,0.51,HIGH_RISK_HIGH_VALUE
2026-02-14 18:01:20.947941,D02894,North America,88591,0.5,HIGH_RISK_HIGH_VALUE
2026-02-14 18:01:20.948465,D02900,India,54859,0.53,HIGH_RISK_HIGH_VALUE
2026-02-14 18:01:20.949385,D02911,North America,92053,0.54,HIGH_RISK_HIGH_VALUE
2026-02-14 18:01:20.952539,D02949,APAC,64536,0.51,HIGH_RISK_HIGH_VALUE
2026-02-14 18:01:20.952982,D02954,Europe,62577,0.51,HIGH_RISK_HIGH_VALUE
2026-02-14 18:01:20.953178,D02956,Europe,56057,0.5,HIGH_RISK_HIGH_VALUE
2026-02-14 18:01:20.953367,D02958,APAC,57366,0.52,HIGH_RISK_HIGH_VALUE
2026-02-14 18:01:20.953654,D02961,Europe,73647,0.52,HIGH_RISK_HIGH_VALUE
2026-02-14 18:01:20.954112,D02966,North America,55903,0.52,HIGH_RISK_HIGH_VALUE
2026-02-14 18:01:20.955203,D02979,Europe,67244,0.51,HIGH_RISK_HIGH_VALUE
2026-02-14 18:01:20.955633,D02984,Europe,95334,0.53,HIGH_RISK_HIGH_VALUE
2026-02-14 18:01:20.955900,D02987,APAC,81805,0.55,HIGH_RISK_HIGH_VALUE
2026-02-14 18:01:20.956179,D02990,India,68717,0.53,HIGH_RISK_HIGH_VALUE
2026-02-14 18:01:20.957230,D03003,Europe,71186,0.5,HIGH_RISK_HIGH_VALUE
2026-02-14 18:01:20.957502,D03006,APAC,94844,0.5,HIGH_RISK_HIGH_VALUE
2026-02-14 18:01:20.957759,D03009,Europe,77734,0.55,HIGH_RISK_HIGH_VALUE
2026-02-14 18:01:20.958539,D03018,North America,85891,0.56,HIGH_RISK_HIGH_VALUE
2026-02-14 18:01:20.960057,D03037,India,63570,0.57,HIGH_RISK_HIGH_VALUE
2026-02-14 18:01:20.961004,D03049,Europe,63173,0.51,HIGH_RISK_HIGH_VALUE
2026-02-14 18:01:20.964772,D03094,APAC,78254,0.52,HIGH_RISK_HIGH_VALUE
2026-02-14 18:01:20.966587,D03116,APAC,84546,0.52,HIGH_RISK_HIGH_VALUE
2026-02-14 18:01:20.967188,D03124,Europe,58970,0.52,HIGH_RISK_HIGH_VALUE
2026-02-14 18:01:20.967560,D03128,North America,88937,0.54,HIGH_RISK_HIGH_VALUE
2026-02-14 18:01:20.967828,D03131,APAC,73375,0.51,HIGH_RISK_HIGH_VALUE
2026-02-14 18:01:20.967935,D03132,North America,66176,0.5,HIGH_RISK_HIGH_VALUE
2026-02-14 18:01:20.969168,D03147,Europe,85506,0.51,HIGH_RISK_HIGH_VALUE
2026-02-14 18:01:20.969272,D03148,APAC,89769,0.5,HIGH_RISK_HIGH_VALUE
2026-02-14 18:01:20.969701,D03153,APAC,70334,0.51,HIGH_RISK_HIGH_VALUE
2026-02-14 18:01:20.969808,D03154,APAC,60757,0.51,HIGH_RISK_HIGH_VALUE
2026-02-14 18:01:20.970206,D03159,India,70468,0.51,HIGH_RISK_HIGH_VALUE
2026-02-14 18:01:20.970591,D03163,North America,79757,0.57,HIGH_RISK_HIGH_VALUE
2026-02-14 18:01:20.970699,D03164,APAC,65560,0.55,HIGH_RISK_HIGH_VALUE
2026-02-14 18:01:20.971509,D03174,APAC,64532,0.58,HIGH_RISK_HIGH_VALUE
2026-02-14 18:01:20.972530,D03186,India,69896,0.53,HIGH_RISK_HIGH_VALUE
2026-02-14 18:01:20.972732,D03188,North America,69600,0.5,HIGH_RISK_HIGH_VALUE
2026-02-14 18:01:20.972837,D03189,North America,98926,0.51,HIGH_RISK_HIGH_VALUE
2026-02-14 18:01:20.973575,D03198,Europe,93784,0.56,HIGH_RISK_HIGH_VALUE
2026-02-14 18:01:20.974451,D03209,APAC,77736,0.5,HIGH_RISK_HIGH_VALUE
2026-02-14 18:01:20.974557,D03210,India,68958,0.53,HIGH_RISK_HIGH_VALUE
2026-02-14 18:01:20.974981,D03215,APAC,72394,0.51,HIGH_RISK_HIGH_VALUE
2026-02-14 18:01:20.975584,D03222,India,52259,0.51,HIGH_RISK_HIGH_VALUE
2026-02-14 18:01:20.975862,D03225,India,58150,0.54,HIGH_RISK_HIGH_VALUE
2026-02-14 18:01:20.975982,D03226,APAC,53173,0.57,HIGH_RISK_HIGH_VALUE
2026-02-14 18:01:20.976308,D03230,APAC,55433,0.54,HIGH_RISK_HIGH_VALUE
2026-02-14 18:01:20.977237,D03241,Europe,58287,0.56,HIGH_RISK_HIGH_VALUE
2026-02-14 18:01:20.977345,D03242,India,98426,0.5,HIGH_RISK_HIGH_VALUE
2026-02-14 18:01:20.977543,D03244,Europe,50662,0.51,HIGH_RISK_HIGH_VALUE
2026-02-14 18:01:20.977960,D03249,India,57034,0.52,HIGH_RISK_HIGH_VALUE
2026-02-14 18:01:20.978157,D03251,Europe,56631,0.54,HIGH_RISK_HIGH_VALUE
2026-02-14 18:01:20.978832,D03259,North America,76621,0.51,HIGH_RISK_HIGH_VALUE
2026-02-14 18:01:20.979815,D03271,India,92813,0.53,HIGH_RISK_HIGH_VALUE
2026-02-14 18:01:20.980025,D03273,APAC,71288,0.51,HIGH_RISK_HIGH_VALUE
2026-02-14 18:01:20.981054,D03286,North America,57029,0.55,HIGH_RISK_HIGH_VALUE
2026-02-14 18:01:20.983190,D03313,Europe,58266,0.51,HIGH_RISK_HIGH_VALUE
2026-02-14 18:01:20.984741,D03332,APAC,74980,0.53,HIGH_RISK_HIGH_VALUE
2026-02-14 18:01:20.985018,D03335,Europe,76513,0.51,HIGH_RISK_HIGH_VALUE
2026-02-14 18:01:20.986100,D03348,India,99214,0.5,HIGH_RISK_HIGH_VALUE
2026-02-14 18:01:20.987990,D03371,North America,50909,0.51,HIGH_RISK_HIGH_VALUE
2026-02-14 18:01:20.988343,D03375,APAC,94056,0.5,HIGH_RISK_HIGH_VALUE
2026-02-14 18:01:20.988562,D03377,APAC,82221,0.51,HIGH_RISK_HIGH_VALUE
2026-02-14 18:01:20.989804,D03392,APAC,58887,0.51,HIGH_RISK_HIGH_VALUE
2026-02-14 18:01:20.990447,D03399,Europe,60815,0.52,HIGH_RISK_HIGH_VALUE
2026-02-14 18:01:20.990561,D03400,APAC,60057,0.5,HIGH_RISK_HIGH_VALUE
2026-02-14 18:01:20.990884,D03404,APAC,66659,0.56,HIGH_RISK_HIGH_VALUE
2026-02-14 18:01:20.991093,D03406,Europe,52118,0.51,HIGH_RISK_HIGH_VALUE
2026-02-14 18:01:20.991328,D03409,APAC,81718,0.5,HIGH_RISK_HIGH_VALUE
2026-02-14 18:01:20.992315,D03421,Europe,51118,0.51,HIGH_RISK_HIGH_VALUE
2026-02-14 18:01:20.992585,D03424,Europe,65393,0.5,HIGH_RISK_HIGH_VALUE
2026-02-14 18:01:20.992682,D03425,India,78449,0.52,HIGH_RISK_HIGH_VALUE
2026-02-14 18:01:20.994593,D03442,APAC,66309,0.5,HIGH_RISK_HIGH_VALUE
2026-02-14 18:01:20.996224,D03460,North America,51764,0.51,HIGH_RISK_HIGH_VALUE
2026-02-14 18:01:20.996544,D03464,Europe,54638,0.51,HIGH_RISK_HIGH_VALUE
2026-02-14 18:01:20.996797,D03467,APAC,66394,0.53,HIGH_RISK_HIGH_VALUE
2026-02-14 18:01:20.997268,D03474,North America,60737,0.53,HIGH_RISK_HIGH_VALUE
2026-02-14 18:01:20.997358,D03475,APAC,99500,0.51,HIGH_RISK_HIGH_VALUE
2026-02-14 18:01:20.997721,D03480,North America,96651,0.51,HIGH_RISK_HIGH_VALUE
2026-02-14 18:01:20.998998,D03499,APAC,63753,0.5,HIGH_RISK_HIGH_VALUE
2026-02-14 18:01:20.999643,D03508,India,88297,0.55,HIGH_RISK_HIGH_VALUE
2026-02-14 18:01:21.000149,D03515,Europe,65553,0.55,HIGH_RISK_HIGH_VALUE
2026-02-14 18:01:21.000303,D03517,APAC,81170,0.55,HIGH_RISK_HIGH_VALUE
2026-02-14 18:01:21.000628,D03521,Europe,59925,0.51,HIGH_RISK_HIGH_VALUE
2026-02-14 18:01:21.001141,D03528,North America,78748,0.51,HIGH_RISK_HIGH_VALUE
2026-02-14 18:01:21.002468,D03547,North America,81190,0.51,HIGH_RISK_HIGH_VALUE
2026-02-14 18:01:21.002642,D03549,APAC,95200,0.55,HIGH_RISK_HIGH_VALUE
2026-02-14 18:01:21.003080,D03555,India,93947,0.5,HIGH_RISK_HIGH_VALUE
2026-02-14 18:01:21.004516,D03573,North America,74783,0.51,HIGH_RISK_HIGH_VALUE
2026-02-14 18:01:21.005647,D03587,APAC,79469,0.51,HIGH_RISK_HIGH_VALUE
2026-02-14 18:01:21.005854,D03589,India,74898,0.53,HIGH_RISK_HIGH_VALUE
2026-02-14 18:01:21.006696,D03600,Europe,52846,0.53,HIGH_RISK_HIGH_VALUE
2026-02-14 18:01:21.006810,D03601,Europe,83154,0.51,HIGH_RISK_HIGH_VALUE
2026-02-14 18:01:21.007063,D03604,North America,84956,0.54,HIGH_RISK_HIGH_VALUE
2026-02-14 18:01:21.007904,D03614,APAC,50151,0.54,HIGH_RISK_HIGH_VALUE
2026-02-14 18:01:21.009202,D03630,Europe,63278,0.52,HIGH_RISK_HIGH_VALUE
2026-02-14 18:01:21.010398,D03645,Europe,51425,0.55,HIGH_RISK_HIGH_VALUE
2026-02-14 18:01:21.010616,D03647,APAC,65584,0.51,HIGH_RISK_HIGH_VALUE
2026-02-14 18:01:21.010823,D03649,APAC,72054,0.51,HIGH_RISK_HIGH_VALUE
2026-02-14 18:01:21.011510,D03658,North America,57043,0.52,HIGH_RISK_HIGH_VALUE
2026-02-14 18:01:21.012010,D03664,India,84937,0.52,HIGH_RISK_HIGH_VALUE
2026-02-14 18:01:21.013658,D03685,APAC,52039,0.52,HIGH_RISK_HIGH_VALUE
2026-02-14 18:01:21.014247,D03692,APAC,74554,0.58,HIGH_RISK_HIGH_VALUE
2026-02-14 18:01:21.014479,D03694,Europe,66273,0.5,HIGH_RISK_HIGH_VALUE
2026-02-14 18:01:21.015066,D03701,North America,85213,0.5,HIGH_RISK_HIGH_VALUE
2026-02-14 18:01:21.015405,D03705,North America,74420,0.54,HIGH_RISK_HIGH_VALUE
2026-02-14 18:01:21.017144,D03726,Europe,56241,0.51,HIGH_RISK_HIGH_VALUE
2026-02-14 18:01:21.017653,D03732,APAC,89300,0.52,HIGH_RISK_HIGH_VALUE
2026-02-14 18:01:21.018018,D03736,APAC,91864,0.5,HIGH_RISK_HIGH_VALUE
2026-02-14 18:01:21.019663,D03755,Europe,75712,0.53,HIGH_RISK_HIGH_VALUE
2026-02-14 18:01:21.019951,D03758,APAC,85823,0.54,HIGH_RISK_HIGH_VALUE
2026-02-14 18:01:21.021615,D03777,APAC,85565,0.51,HIGH_RISK_HIGH_VALUE
2026-02-14 18:01:21.021974,D03781,Europe,77059,0.55,HIGH_RISK_HIGH_VALUE
2026-02-14 18:01:21.022465,D03787,APAC,64006,0.5,HIGH_RISK_HIGH_VALUE
2026-02-14 18:01:21.022834,D03791,APAC,79006,0.56,HIGH_RISK_HIGH_VALUE
2026-02-14 18:01:21.023358,D03798,APAC,75870,0.55,HIGH_RISK_HIGH_VALUE
2026-02-14 18:01:21.023616,D03801,Europe,74886,0.56,HIGH_RISK_HIGH_VALUE
2026-02-14 18:01:21.023855,D03804,Europe,57410,0.51,HIGH_RISK_HIGH_VALUE
2026-02-14 18:01:21.027927,D03825,India,61612,0.54,HIGH_RISK_HIGH_VALUE
2026-02-14 18:01:21.028764,D03836,India,91214,0.54,HIGH_RISK_HIGH_VALUE
2026-02-14 18:01:21.029150,D03841,APAC,55214,0.56,HIGH_RISK_HIGH_VALUE
2026-02-14 18:01:21.033111,D03861,Europe,50318,0.56,HIGH_RISK_HIGH_VALUE
2026-02-14 18:01:21.033390,D03864,North America,94009,0.51,HIGH_RISK_HIGH_VALUE
2026-02-14 18:01:21.035679,D03865,Europe,64644,0.51,HIGH_RISK_HIGH_VALUE
2026-02-14 18:01:21.035999,D03868,Europe,64165,0.5,HIGH_RISK_HIGH_VALUE
2026-02-14 18:01:21.036515,D03874,APAC,82480,0.52,HIGH_RISK_HIGH_VALUE
2026-02-14 18:01:21.043137,D03902,APAC,71167,0.53,HIGH_RISK_HIGH_VALUE
2026-02-14 18:01:21.044829,D03912,North America,56530,0.5,HIGH_RISK_HIGH_VALUE
2026-02-14 18:01:21.045112,D03915,India,50210,0.54,HIGH_RISK_HIGH_VALUE
2026-02-14 18:01:21.045308,D03917,APAC,82133,0.51,HIGH_RISK_HIGH_VALUE
2026-02-14 18:01:21.045653,D03921,India,55179,0.55,HIGH_RISK_HIGH_VALUE
2026-02-14 18:01:21.045783,D03922,North America,70272,0.54,HIGH_RISK_HIGH_VALUE
2026-02-14 18:01:21.045891,D03923,APAC,69434,0.53,HIGH_RISK_HIGH_VALUE
2026-02-14 18:01:21.052406,D03942,Europe,77442,0.51,HIGH_RISK_HIGH_VALUE
2026-02-14 18:01:21.056115,D03960,Europe,58387,0.51,HIGH_RISK_HIGH_VALUE
2026-02-14 18:01:21.056332,D03962,India,68885,0.54,HIGH_RISK_HIGH_VALUE
2026-02-14 18:01:21.060370,D03985,India,86255,0.53,HIGH_RISK_HIGH_VALUE
2026-02-14 18:01:21.061401,D03987,North America,62274,0.54,HIGH_RISK_HIGH_VALUE
2026-02-14 18:01:21.064300,D03999,Europe,86977,0.52,HIGH_RISK_HIGH_VALUE
2026-02-14 18:01:21.066698,D04001,North America,81889,0.51,HIGH_RISK_HIGH_VALUE
2026-02-14 18:01:21.067075,D04005,India,60030,0.52,HIGH_RISK_HIGH_VALUE
2026-02-14 18:01:21.067421,D04009,Europe,59074,0.5,HIGH_RISK_HIGH_VALUE
2026-02-14 18:01:21.068101,D04016,North America,93895,0.5,HIGH_RISK_HIGH_VALUE
2026-02-14 18:01:21.068370,D04019,India,57010,0.56,HIGH_RISK_HIGH_VALUE
2026-02-14 18:01:21.071201,D04027,Europe,62748,0.54,HIGH_RISK_HIGH_VALUE
2026-02-14 18:01:21.071487,D04030,Europe,68631,0.54,HIGH_RISK_HIGH_VALUE
2026-02-14 18:01:21.077626,D04051,India,67546,0.52,HIGH_RISK_HIGH_VALUE
2026-02-14 18:01:21.082055,D04076,Europe,55452,0.52,HIGH_RISK_HIGH_VALUE
2026-02-14 18:01:21.085569,D04083,APAC,65801,0.51,HIGH_RISK_HIGH_VALUE
2026-02-14 18:01:21.086303,D04091,North America,52528,0.5,HIGH_RISK_HIGH_VALUE
2026-02-14 18:01:21.086613,D04094,India,53605,0.51,HIGH_RISK_HIGH_VALUE
2026-02-14 18:01:21.089142,D04100,India,96340,0.53,HIGH_RISK_HIGH_VALUE
2026-02-14 18:01:21.093243,D04143,Europe,93767,0.54,HIGH_RISK_HIGH_VALUE
2026-02-14 18:01:21.096208,D04178,India,63492,0.55,HIGH_RISK_HIGH_VALUE
2026-02-14 18:01:21.097071,D04190,North America,84934,0.55,HIGH_RISK_HIGH_VALUE
2026-02-14 18:01:21.098143,D04206,APAC,69423,0.51,HIGH_RISK_HIGH_VALUE
2026-02-14 18:01:21.099269,D04222,Europe,74888,0.52,HIGH_RISK_HIGH_VALUE
2026-02-14 18:01:21.101173,D04229,APAC,79632,0.5,HIGH_RISK_HIGH_VALUE
2026-02-14 18:01:21.101518,D04233,North America,55810,0.56,HIGH_RISK_HIGH_VALUE
2026-02-14 18:01:21.105004,D04274,North America,54739,0.54,HIGH_RISK_HIGH_VALUE
2026-02-14 18:01:21.105552,D04280,Europe,78055,0.51,HIGH_RISK_HIGH_VALUE
2026-02-14 18:01:21.106115,D04286,APAC,64705,0.5,HIGH_RISK_HIGH_VALUE
2026-02-14 18:01:21.106360,D04289,India,63584,0.51,HIGH_RISK_HIGH_VALUE
2026-02-14 18:01:21.107191,D04299,North America,61810,0.5,HIGH_RISK_HIGH_VALUE
2026-02-14 18:01:21.108473,D04315,Europe,62140,0.52,HIGH_RISK_HIGH_VALUE
2026-02-14 18:01:21.109292,D04325,North America,60616,0.51,HIGH_RISK_HIGH_VALUE
2026-02-14 18:01:21.109928,D04332,APAC,91500,0.55,HIGH_RISK_HIGH_VALUE
2026-02-14 18:01:21.110043,D04333,Europe,74476,0.52,HIGH_RISK_HIGH_VALUE
2026-02-14 18:01:21.110866,D04343,North America,88768,0.52,HIGH_RISK_HIGH_VALUE
2026-02-14 18:01:21.111181,D04347,Europe,54503,0.52,HIGH_RISK_HIGH_VALUE
2026-02-14 18:01:21.113969,D04381,North America,75419,0.51,HIGH_RISK_HIGH_VALUE
2026-02-14 18:01:21.114316,D04385,North America,63928,0.52,HIGH_RISK_HIGH_VALUE
2026-02-14 18:01:21.115383,D04398,APAC,53391,0.52,HIGH_RISK_HIGH_VALUE
2026-02-14 18:01:21.117531,D04424,Europe,80056,0.52,HIGH_RISK_HIGH_VALUE
2026-02-14 18:01:21.118549,D04436,India,72853,0.54,HIGH_RISK_HIGH_VALUE
2026-02-14 18:01:21.118658,D04437,APAC,86279,0.53,HIGH_RISK_HIGH_VALUE
2026-02-14 18:01:21.119540,D04447,India,70303,0.55,HIGH_RISK_HIGH_VALUE
2026-02-14 18:01:21.120638,D04461,APAC,81099,0.5,HIGH_RISK_HIGH_VALUE
2026-02-14 18:01:21.121004,D04465,Europe,50742,0.52,HIGH_RISK_HIGH_VALUE
2026-02-14 18:01:21.121110,D04466,India,94601,0.52,HIGH_RISK_HIGH_VALUE
2026-02-14 18:01:21.122144,D04479,North America,59360,0.5,HIGH_RISK_HIGH_VALUE
2026-02-14 18:01:21.123935,D04501,APAC,92322,0.5,HIGH_RISK_HIGH_VALUE
2026-02-14 18:01:21.124792,D04511,APAC,91873,0.52,HIGH_RISK_HIGH_VALUE
2026-02-14 18:01:21.126377,D04531,North America,51441,0.57,HIGH_RISK_HIGH_VALUE
2026-02-14 18:01:21.126672,D04534,APAC,80230,0.56,HIGH_RISK_HIGH_VALUE
2026-02-14 18:01:21.126801,D04535,APAC,86710,0.5,HIGH_RISK_HIGH_VALUE
2026-02-14 18:01:21.127699,D04546,Europe,58347,0.52,HIGH_RISK_HIGH_VALUE
2026-02-14 18:01:21.128846,D04559,APAC,56524,0.51,HIGH_RISK_HIGH_VALUE
2026-02-14 18:01:21.129988,D04573,Europe,83088,0.51,HIGH_RISK_HIGH_VALUE
2026-02-14 18:01:21.130578,D04580,Europe,90026,0.51,HIGH_RISK_HIGH_VALUE
2026-02-14 18:01:21.131038,D04585,India,75849,0.54,HIGH_RISK_HIGH_VALUE
2026-02-14 18:01:21.131213,D04587,India,96408,0.55,HIGH_RISK_HIGH_VALUE
2026-02-14 18:01:21.132200,D04599,North America,97577,0.51,HIGH_RISK_HIGH_VALUE
2026-02-14 18:01:21.132311,D04600,North America,95091,0.54,HIGH_RISK_HIGH_VALUE
2026-02-14 18:01:21.132590,D04603,India,79333,0.54,HIGH_RISK_HIGH_VALUE
2026-02-14 18:01:21.133789,D04617,APAC,99526,0.52,HIGH_RISK_HIGH_VALUE
2026-02-14 18:01:21.135720,D04640,India,58730,0.55,HIGH_RISK_HIGH_VALUE
2026-02-14 18:01:21.135910,D04642,APAC,67729,0.52,HIGH_RISK_HIGH_VALUE
2026-02-14 18:01:21.136526,D04649,APAC,65563,0.53,HIGH_RISK_HIGH_VALUE
2026-02-14 18:01:21.136645,D04650,APAC,62751,0.56,HIGH_RISK_HIGH_VALUE
2026-02-14 18:01:21.137219,D04654,Europe,96794,0.53,HIGH_RISK_HIGH_VALUE
2026-02-14 18:01:21.137819,D04661,North America,85565,0.52,HIGH_RISK_HIGH_VALUE
2026-02-14 18:01:21.137925,D04662,India,98649,0.51,HIGH_RISK_HIGH_VALUE
2026-02-14 18:01:21.138864,D04673,Europe,53007,0.52,HIGH_RISK_HIGH_VALUE
2026-02-14 18:01:21.139062,D04675,APAC,54199,0.51,HIGH_RISK_HIGH_VALUE
2026-02-14 18:01:21.139177,D04676,India,55202,0.53,HIGH_RISK_HIGH_VALUE
2026-02-14 18:01:21.139467,D04679,North America,52202,0.5,HIGH_RISK_HIGH_VALUE
2026-02-14 18:01:21.140061,D04686,APAC,83767,0.51,HIGH_RISK_HIGH_VALUE
2026-02-14 18:01:21.140489,D04691,APAC,56438,0.51,HIGH_RISK_HIGH_VALUE
2026-02-14 18:01:21.141001,D04697,Europe,77841,0.57,HIGH_RISK_HIGH_VALUE
2026-02-14 18:01:21.141332,D04701,APAC,64757,0.5,HIGH_RISK_HIGH_VALUE
2026-02-14 18:01:21.141953,D04709,APAC,94567,0.52,HIGH_RISK_HIGH_VALUE
2026-02-14 18:01:21.143750,D04731,APAC,88484,0.51,HIGH_RISK_HIGH_VALUE
2026-02-14 18:01:21.145827,D04757,APAC,53687,0.53,HIGH_RISK_HIGH_VALUE
2026-02-14 18:01:21.146907,D04770,APAC,99114,0.52,HIGH_RISK_HIGH_VALUE
2026-02-14 18:01:21.147393,D04776,North America,90807,0.51,HIGH_RISK_HIGH_VALUE
2026-02-14 18:01:21.147611,D04778,APAC,97280,0.52,HIGH_RISK_HIGH_VALUE
2026-02-14 18:01:21.148202,D04785,APAC,67820,0.51,HIGH_RISK_HIGH_VALUE
2026-02-14 18:01:21.149134,D04796,APAC,51516,0.51,HIGH_RISK_HIGH_VALUE
2026-02-14 18:01:21.149395,D04799,APAC,51748,0.51,HIGH_RISK_HIGH_VALUE
2026-02-14 18:01:21.150365,D04810,APAC,57964,0.51,HIGH_RISK_HIGH_VALUE
2026-02-14 18:01:21.153007,D04843,India,55971,0.51,HIGH_RISK_HIGH_VALUE
2026-02-14 18:01:21.153389,D04847,APAC,77482,0.53,HIGH_RISK_HIGH_VALUE
2026-02-14 18:01:21.154654,D04862,Europe,53508,0.51,HIGH_RISK_HIGH_VALUE
2026-02-14 18:01:21.155418,D04871,India,66518,0.54,HIGH_RISK_HIGH_VALUE
2026-02-14 18:01:21.156171,D04879,APAC,96732,0.52,HIGH_RISK_HIGH_VALUE
2026-02-14 18:01:21.156464,D04882,APAC,62879,0.52,HIGH_RISK_HIGH_VALUE
2026-02-14 18:01:21.158034,D04900,APAC,63733,0.55,HIGH_RISK_HIGH_VALUE
2026-02-14 18:01:21.158500,D04905,APAC,76124,0.52,HIGH_RISK_HIGH_VALUE
2026-02-14 18:01:21.158796,D04908,North America,60596,0.54,HIGH_RISK_HIGH_VALUE
2026-02-14 18:01:21.158909,D04909,Europe,63928,0.56,HIGH_RISK_HIGH_VALUE
2026-02-14 18:01:21.160255,D04926,APAC,60859,0.52,HIGH_RISK_HIGH_VALUE
2026-02-14 18:01:21.161114,D04936,APAC,95389,0.52,HIGH_RISK_HIGH_VALUE
2026-02-14 18:01:21.161901,D04945,India,94065,0.5,HIGH_RISK_HIGH_VALUE
2026-02-14 18:01:21.162478,D04952,North America,70711,0.52,HIGH_RISK_HIGH_VALUE
2026-02-14 18:01:21.163270,D04962,North America,67665,0.53,HIGH_RISK_HIGH_VALUE
2026-02-14 18:01:21.163481,D04964,Europe,63341,0.52,HIGH_RISK_HIGH_VALUE
2026-02-14 18:01:21.163594,D04965,Europe,54307,0.51,HIGH_RISK_HIGH_VALUE
2026-02-14 18:01:21.164216,D04972,India,72450,0.5,HIGH_RISK_HIGH_VALUE
2026-02-14 18:01:21.164614,D04975,APAC,61701,0.55,HIGH_RISK_HIGH_VALUE
2026-02-14 18:01:21.165127,D04981,North America,97726,0.54,HIGH_RISK_HIGH_VALUE
2026-02-14 18:01:21.166637,D04999,APAC,50717,0.52,HIGH_RISK_HIGH_VALUE
